id,first_name,last_name
1,Reider,Bygreaves
2,Vikki,Joblin
3,Sarajane,Itzkovici
4,Blinni,Ducker
5,Hebert,Grayshan
6,Stella,Warder
7,Kerri,Perle
8,Colly,Cicccitti
9,Teddy,Dibdin
10,Donal,Paulmann
11,Rebe,Brawley
12,Cyril,Kellitt
13,Rivalee,Fry
14,Bertine,Telfer
15,Cate,Balf
16,Sumner,Rogers
17,Mervin,Treffry
18,Sibylla,Twigge
19,Cissy,Belvard
20,Ranna,Hexham
21,Gates,Clubbe
22,Davidde,Izon
23,Maurice,Brailey
24,Mariel,Plom
25,Reid,Ingman
26,Boigie,Nockells
27,Ringo,Mallows
28,Jermaine,Luppitt
29,Gabi,McGenn
30,Leah,Skirling
31,Norina,Ivermee
32,Adamo,Gianinotti
33,Warner,Gatherer
34,Marys,Mancktelow
35,Margy,Clethro
36,Lilah,Gilardi
37,Aveline,Greenig
38,Brodie,MacAllan
39,Gregoire,Spinley
40,Mathilda,Estevez
41,Grove,Veivers
42,Kippy,Brimblecomb
43,Ermin,Lequeux
44,Gonzales,de Pinna
45,Emmalee,Richardt
46,Celka,Doonican
47,Gav,MacConnechie
48,Tremain,Von Der Empten
49,Gus,Blind
50,Pat,Danielut
51,Jazmin,Morey
52,Maurita,Batty
53,Jany,Brunton
54,Clair,Trimby
55,Edeline,Gresswood
56,Brody,Spivie
57,Anetta,Knott
58,Ryan,Duhig
59,Gertrudis,Niblett
60,Darlene,Blanking
61,Charmian,McWhirter
62,Boothe,Antham
63,Skip,Poulson
64,Genevieve,Littleproud
65,Mimi,Austin
66,Modestine,Morling
67,Berny,Welden
68,Paloma,Gallego
69,Gabriello,Chilver
70,Hussein,Blunsen
71,Evanne,Blanden
72,Meghann,Craddy
73,Petra,Eouzan
74,Joseito,Siddell
75,Saunders,Ferraron
76,Laurent,Mainson
77,Elsinore,Dowry
78,Merilyn,Jaumet
79,Emile,Hathwood
80,Ash,Wolfenden
81,Ninette,Whittaker
82,Micky,Krysiak
83,Heriberto,McPhelimy
84,Wenonah,Scotney
85,Millisent,Lavigne
86,Mischa,Hallyburton
87,Case,Mieville
88,Corbett,Tredgold
89,Noe,Slatcher
90,Glendon,Chooter
91,Maximilian,Bonavia
92,Phillida,Katte
93,Corbet,Eaton
94,Vittorio,Bodker
95,Eddy,Lyven
96,Samaria,Wildish
97,Natty,Andreaccio
98,Andra,Gahagan
99,Kristian,Defty
100,Efrem,Erickssen
101,Kiri,Brundall
102,Saree,Mioni
103,Caryn,Nanni
104,Bibbie,Hansley
105,Babette,De Caville
106,Tarrance,Riquet
107,Wenona,Wear
108,Averyl,Sollas
109,Rachelle,Hanalan
110,Bancroft,Beaney
111,Guglielma,Vevers
112,Elysha,Mahaffey
113,Verena,Herreros
114,Timmie,Marlowe
115,Mylo,Kirimaa
116,Petey,Soot
117,Jedediah,Reeder
118,Karole,Lindroos
119,Marjy,Somerville
120,Cecil,Lackeye
121,Tedie,Clough
122,Trudey,Mauvin
123,Carlyle,Ratt
124,Quinlan,Conechie
125,Omar,Moncur
126,Lillis,Bouldon
127,Cortie,Warrior
128,Alano,Postill
129,Grier,Blakiston
130,Alanah,Easey
131,Mimi,Glentworth
132,Nils,Schout
133,Faydra,Kaaskooper
134,Muhammad,Thal
135,Berky,Pritchett
136,Shane,Feye
137,Pieter,Burnsell
138,Vanni,Leynagh
139,Rodd,Yarrow
140,Quinton,Harrhy
141,Chrysler,Brunker
142,Alica,Wabersinke
143,Basilius,Paramore
144,Carolynn,Frankiewicz
145,Nevil,Ellsom
146,Lion,Iannuzzi
147,Ema,Landsborough
148,Tybalt,Kubes
149,Marguerite,Penniell
150,Mandy,Markovich
151,Kaiser,Tynnan
152,Petunia,Gaul
153,Charleen,Ioselevich
154,Annetta,Hummerston
155,Kimberley,Pacquet
156,Lindsey,Gemson
157,Tiena,Kembry
158,Rubia,Empson
159,Con,MacDonell
160,Leora,Carthew
161,Roosevelt,Pasley
162,Beverie,Greer
163,Ruy,Boole
164,Orv,Dike
165,Steffen,De La Haye
166,Andree,Bellay
167,Thomasina,Fenn
168,Son,Sugarman
169,Frank,Westpfel
170,Xymenes,Liddell
171,Ulrica,Squires
172,Dotty,Schowenburg
173,Raquel,Clint
174,Murdoch,Towle
175,Mathe,Harris
176,Ly,Ewart
177,Hewe,Ferrie
178,Giffy,Hinkensen
179,Shayne,Joutapavicius
180,Kathleen,Rubberts
181,Piggy,Tinner
182,Heddie,Kenworthy
183,Robbert,Wellum
184,Pennie,MacCathay
185,Mei,Cawdron
186,Delcine,Ambroise
187,Mildred,Costy
188,Davon,Sherred
189,Althea,Wabersich
190,Marty,Attreed
191,Prentiss,O'Scanlon
192,Samara,Skrine
193,Johan,Spradbrow
194,Suzie,Attac
195,Dasi,Snedker
196,Jerrine,Derrington
197,Fowler,Remer
198,Ezekiel,Hilary
199,Adore,Diehn
200,Eda,McCreagh
201,Lia,Ibel
202,Lethia,Chaise
203,Gerry,Wavell
204,Gustav,Kop
205,Cornelius,Birchenough
206,Tammy,Penhalurick
207,Pall,Hanington
208,Ash,Forrestor
209,Kevyn,Cashmore
210,Gavan,Rablan
211,Georg,Hartropp
212,Sydelle,Branston
213,Jennette,Ambroz
214,Muriel,Hall-Gough
215,Debra,Marsham
216,Cassi,Jansen
217,Florenza,Stoven
218,Veronika,Garaghan
219,Maurise,Prawle
220,Charo,Leeburn
221,Dore,Lording
222,Lars,Horsey
223,Neddy,Tresise
224,Bessie,Durden
225,Leonid,Tofful
226,Yanaton,Forge
227,Mavis,Garnson
228,Petey,Temporal
229,Amelia,Alday
230,Tremaine,Battelle
231,Marty,Perryman
232,Eleen,Blease
233,Timmy,Eykel
234,Frank,Kleszinski
235,Ethelred,Manuele
236,Stanly,Boylin
237,Olenka,Uwins
238,Gwenneth,Dalley
239,Christie,Elmhurst
240,Brit,Pacquet
241,Bronson,Kenwrick
242,Eleonora,Canadine
243,Leann,Livett
244,Tate,Henrie
245,Tori,Scholtis
246,Cherlyn,Skene
247,Cristiano,Kilgannon
248,Preston,Vuitton
249,Aurel,Sinderson
250,Dominik,Gair
251,Loreen,Jeffs
252,Cordula,McCahey
253,Ferne,Moules
254,Jodee,Swynfen
255,Rooney,Davidov
256,Dannye,Wallington
257,Huey,Ferrettino
258,Ginevra,Fearne
259,Belia,MacPadene
260,Rebekah,Wyon
261,Constancy,Langwade
262,North,Nealey
263,Arluene,Waldock
264,Jere,Castiglioni
265,Susana,MacLucais
266,Sylvan,Buckberry
267,Nanni,Milley
268,Broderick,Bygate
269,Drona,Caulcott
270,Batsheva,Lening
271,Pincus,Visick
272,Veronike,Braddon
273,Ernst,Donohue
274,Rex,Carnihan
275,Claretta,Gunning
276,Zarla,Hagger
277,Lawrence,Bowlesworth
278,Hamlin,Forlong
279,Noel,Phillott
280,Querida,Fendt
281,Zollie,Kincaid
282,Randa,Delafont
283,Zonnya,Baumford
284,Julienne,Harrema
285,Ric,Briton
286,Maddalena,Rennels
287,Christal,Fradson
288,Raquel,Lionel
289,Ragnar,Bruckstein
290,Cornie,Jenny
291,Ram,Tremouille
292,Johnny,O'Doghesty
293,Cyrus,Polin
294,Martie,MacFadzean
295,Bil,Dufer
296,Cori,Finlator
297,Brod,Witherup
298,Ambrose,Davie
299,Kory,Chismon
300,Edvard,Red
301,Bearnard,Gerring
302,Ivy,Phettiplace
303,Peg,Hiscoe
304,Jedd,De Gogay
305,Lanette,Penvarne
306,Phyllida,Espinola
307,Nathanil,Cotgrove
308,Denny,Breache
309,Adara,Brende
310,Arlan,Fancy
311,Justen,Comelini
312,Edy,Whitney
313,Farah,Langcaster
314,Selby,Sommers
315,Madeleine,Hanniger
316,Casi,McPhail
317,Daren,Lugden
318,Fabiano,Stafford
319,Dulcie,Boseley
320,Sherie,Windle
321,Steward,Aldington
322,Mame,Orman
323,Claire,Cregin
324,Judye,Crosetto
325,Veradis,Everson
326,Raphael,Salvin
327,Lorens,Bellson
328,Holmes,Neath
329,Gerrilee,Lamden
330,Dixie,Fiorentino
331,Everard,Baynard
332,Turner,Miguet
333,Stafani,Stodart
334,Lory,Mieville
335,Charlot,Jone
336,Norene,Duester
337,Auberta,Grigoriev
338,Linnie,Rielly
339,Fayette,Kulic
340,Nadya,Busen
341,Waylan,Crain
342,Philomena,Chumley
343,Corbet,Pere
344,Gawen,Loan
345,Thomas,Speke
346,Susann,Dyke
347,Darlleen,Greally
348,Camilla,Cromleholme
349,Larry,Jura
350,Ermina,Cordeau]
351,Felizio,Frobisher
352,Gusta,Kubik
353,Ernie,Niland
354,Quintin,Eyree
355,Malinda,Kingshott
356,Tawnya,Cochet
357,Lizzie,Layburn
358,Rosetta,Farahar
359,Ag,Ten Broek
360,Annis,Tumber
361,Cchaddie,Sabathier
362,Vally,Gallagher
363,Vida,Deesly
364,Alissa,Claiden
365,Curtis,Lasseter
366,Alisun,Ackers
367,Broderic,Emmett
368,Pennie,Frounks
369,Philis,Boyford
370,Devonne,Wilne
371,Wilton,Abrami
372,Milton,Faragher
373,Linc,Nizard
374,Aurel,Nelles
375,Ulrica,Veldman
376,Andee,Studde
377,Birch,Gathercoal
378,Trumaine,Gillio
379,Chrissie,Statton
380,Ray,Lowthian
381,Gerrilee,Vyvyan
382,Jenica,Henstone
383,Teriann,Allwell
384,Daisey,Gilligan
385,Nikola,Bewlie
386,Alfred,Secombe
387,Antonia,Salliere
388,Kandace,Lowe
389,Frederich,Merricks
390,Teena,Rawll
391,Kale,Crippes
392,Annmarie,Wethey
393,Linell,Lemoir
394,Pembroke,Lyttle
395,Rey,Meak
396,Elmer,Velareal
397,Latrena,Bendell
398,Syd,Butterick
399,Kaitlynn,Rawstorn
400,Joni,Belverstone
401,Dasya,Manssuer
402,Celinda,Kenealy
403,Lavinie,Scott
404,Morrie,Klaassens
405,Kerri,Sanper
406,Ilsa,Caron
407,Kerrie,Portugal
408,Vance,Comiskey
409,Andreana,Alsop
410,Calida,Talby
411,Ludovika,Mulqueeny
412,Fletch,Hardy
413,Deck,Boulds
414,Titus,Pendlington
415,Bartolemo,Leedal
416,Dolley,Parsonson
417,Reider,Gilliat
418,Renata,Folker
419,Marlowe,Killock
420,Karisa,Le Friec
421,Pen,Purshouse
422,Elisabet,Rome
423,Ravid,Galland
424,Andie,Francescoccio
425,Melinde,O'Dee
426,Edin,McMickan
427,Webb,Hilley
428,Sasha,Yakubowicz
429,Nick,Rigardeau
430,Fleming,Galero
431,Clara,Wrettum
432,Glynnis,Corkell
433,Gottfried,Skowcraft
434,Sol,Fieldsend
435,Casie,Sharphouse
436,Cordula,Joscelyn
437,Trista,Prince
438,Rheba,Champneys
439,Joan,Rigglesford
440,Selestina,Albin
441,Che,Troutbeck
442,Leola,Butchard
443,Evy,Edmondson
444,Dulcia,Cressingham
445,Evangelin,Silly
446,Andeee,Danielski
447,Vikky,Lesser
448,Lucinda,Sibille
449,Ileane,Petriello
450,Ali,Cooke
451,Montague,McGuiness
452,Jobi,Lebrun
453,Stesha,Wilsee
454,Garrard,Litt
455,Cristine,Spoward
456,Morna,Simmank
457,Bendix,Lammertz
458,Maxwell,Sheppard
459,Danika,Dionisi
460,Angie,Cahan
461,Amabelle,Galego
462,Erminia,Houndesome
463,Alvina,Jerche
464,Lavena,Gritten
465,Paco,Carriage
466,Bucky,Cubbini
467,Cathryn,Millgate
468,Ardeen,Mathie
469,Randa,Hurndall
470,Bruis,Rubes
471,Ingram,Koenen
472,Tomasina,Bew
473,Jerri,Pocock
474,Thornton,World
475,Hildy,Searson
476,Morganne,Vogl
477,Cammie,McMeanma
478,Jarid,Tremblay
479,Julina,Toten
480,Marieann,Moreman
481,Jerrylee,Gladdolph
482,Constantia,Pressman
483,Gretna,Bonnick
484,Nev,Copson
485,Neddy,Fawdry
486,Troy,Eyeington
487,Gussi,Papaminas
488,Belle,Castelin
489,Haily,Ringwood
490,Ferdy,Ambrosoli
491,Son,Maty
492,Nola,Pierrepont
493,Erin,Jiggle
494,Tommy,Woodhouse
495,Annadiane,Hearnaman
496,Flor,Walbrun
497,Mark,Peattie
498,Brady,O'Haire
499,Deidre,Imlacke
500,Randi,Quail
501,Rani,Bang
502,Clementius,Burge
503,Berry,Schurig
504,Christopher,Challiner
505,Amabel,Cisec
506,Sherwood,Bethell
507,George,Deelay
508,Joan,Cosin
509,Harvey,Birden
510,Lorant,Airlie
511,Britney,Swalwell
512,Alexandrina,Traut
513,Norene,Bolingbroke
514,Letti,Toulch
515,Tobiah,Ormistone
516,Georgeanna,Finlator
517,Yevette,Tatton
518,Vladamir,Malicki
519,Dewey,Janouch
520,Kata,Scotter
521,Rogerio,Nanni
522,Jobina,Chapleo
523,Thaddus,Hanson
524,Florentia,Hainey`
525,Madelle,Odgaard
526,Ginnifer,Greeve
527,Babbette,Gowanlock
528,Perry,Shotboult
529,Fairlie,Gorini
530,Briggs,Amies
531,Aldin,Aiken
532,Kristan,Swyndley
533,Cacilie,Beamond
534,Mandi,Minchell
535,Shay,Stanlike
536,Sissy,McGourty
537,Billi,Treweek
538,Barbabra,Tilly
539,Toby,Bromby
540,Angel,Beswick
541,Arnuad,Foulser
542,Jena,Lackie
543,Joscelin,Jost
544,Stanton,Nutkin
545,Karina,Pagin
546,Sena,De'Vere - Hunt
547,Cindie,Akerman
548,Gweneth,Bolmann
549,Ginnifer,Boast
550,Karoline,Fasson
551,Winfield,Allchorn
552,Elihu,Erswell
553,Caro,Feaver
554,Pascale,Silley
555,Alistair,Brodie
556,Breanne,Barford
557,Hazlett,Brownsmith
558,Alika,Perett
559,Cecil,McPhelimy
560,Caren,Castelletti
561,Meredith,Huby
562,Yulma,Dionisii
563,Bobby,Domenico
564,Silvia,Brunstan
565,Danette,Eglese
566,Trenna,Cornelleau
567,Kenneth,Otter
568,Harriot,Stoner
569,Augie,Bloggett
570,Clarette,Ryves
571,Ennis,MacIllrick
572,Kimbell,Shah
573,Frank,Cobby
574,Bendicty,Durak
575,Catherina,Jeffry
576,Glenda,Naulty
577,Burch,Glendining
578,Nikkie,Pecht
579,Inger,Houseman
580,Gilberte,Penn
581,Emelina,Manclark
582,Waylen,Ryder
583,Gusti,Hedge
584,Susana,Ianiello
585,Clarie,Yule
586,Gennie,Ingliby
587,Charo,Willox
588,Shoshana,Phillipps
589,Bronnie,Harness
590,Jordana,Cuffe
591,Grantham,Sclater
592,Raimund,Clegg
593,Anabal,Slamaker
594,Corry,Trevethan
595,Munmro,Pryer
596,Lynnea,Give
597,Justin,Broschke
598,Merna,Rishworth
599,Honor,Napoleone
600,Emelina,Blanque
601,Harmonie,Screen
602,Norry,Tribble
603,Berry,Dartnall
604,Janice,Perham
605,Maryellen,Tucknott
606,Iorgo,Staff
607,Sherline,Frank
608,Horton,Sercombe
609,Kayla,Paradise
610,Vikky,Barts
611,Melonie,Dufaire
612,Caria,Willoughby
613,Jackqueline,Jean
614,Rasla,Louis
615,Sharai,Flement
616,Jenelle,McReynolds
617,Abbie,Savary
618,Creighton,Stanyforth
619,Velma,Belward
620,Anjanette,Goddert.sf
621,Archaimbaud,Spybey
622,Justin,Cote
623,Yard,Craythorne
624,Tam,Llorens
625,Page,Mussett
626,Riki,Harwood
627,Lazaro,Barnshaw
628,Ruthi,Rangeley
629,Moise,Wardell
630,Elton,Elves
631,Mandi,Fucher
632,Jamal,Floyde
633,Carmon,Ketcher
634,Katalin,Chansonnau
635,Carita,Cusick
636,Oralee,Ciubutaro
637,Cairistiona,Blas
638,Valentine,Duly
639,Lenka,Heatherington
640,Elvina,Davidsohn
641,Jarid,Bramo
642,Tammara,Biggen
643,Jannel,Haydon
644,Amalle,Scotcher
645,Katrinka,Bollis
646,Cedric,Croster
647,Freemon,Billany
648,Shaylah,Libbey
649,Rockie,Klaes
650,Arlie,Jovanovic
651,Whitney,Geikie
652,Berrie,Finnigan
653,Orton,Willers
654,Yoko,Sabatier
655,Anastasia,Tweede
656,Booth,Reynish
657,Kore,Everiss
658,Shanan,Streater
659,Ana,Claiton
660,Daniella,Kelcher
661,Tressa,Laurenzi
662,Sheffy,Mesnard
663,Ashley,Dallander
664,Gar,Paulet
665,Haleigh,Beggan
666,Lilly,Lapree
667,Napoleon,Ludlamme
668,Junia,Abrahmovici
669,Dynah,Gook
670,Jeremy,Watmough
671,Orran,Hackey
672,Budd,Littlefield
673,Shauna,McCorkell
674,Salvidor,Kehir
675,Ertha,Haacker
676,Orazio,Decreuze
677,Therese,Bischoff
678,Dorian,Rawe
679,Haleigh,Wastie
680,Barbabra,Korneev
681,Tiffi,Haveline
682,Nicolis,Shilburne
683,Germana,Deveraux
684,Bale,Littley
685,Beatrice,Pashe
686,Thorn,Frid
687,Pepi,Wolfit
688,Lisetta,Maskill
689,Fanya,Byne
690,Drona,Arnet
691,Dagny,Ruse
692,Earle,Juarez
693,Sherlock,Cropp
694,Jeanelle,Heineken
695,Ursala,Dunbobbin
696,Bessy,Klimuk
697,Xavier,Georgeau
698,Moritz,Dehm
699,Philippe,Gonnin
700,Ethel,Reynish
701,Arty,Blondelle
702,Vanya,Hacquel
703,Bealle,Pusey
704,Perrine,Gunstone
705,Lindy,McLise
706,Ilysa,Seel
707,Val,Hiley
708,Sigismond,Turfes
709,Lindy,Comfort
710,Merrill,Lammers
711,Emmit,Levens
712,Des,Jelleman
713,Ham,Najera
714,Hayyim,Romain
715,Koral,Critcher
716,Redd,Wellwood
717,Pedro,Tamburi
718,Silva,Tilbury
719,Newton,Pymer
720,Rodina,Binnie
721,Maximilien,Gallally
722,Fifi,Barkworth
723,Sandi,Rickersey
724,Ervin,Eglaise
725,Anastasia,Markova
726,Cicely,Biset
727,Olivette,Shaddick
728,Blakeley,Hethron
729,Alana,Wareham
730,Elyssa,Rainford
731,Spencer,Skahill
732,Dunstan,Colter
733,Viola,Bent
734,Blake,Geare
735,Babara,Cradduck
736,Ugo,Killingbeck
737,Jon,Gligorijevic
738,Katy,Doge
739,Teresita,Jordine
740,Tanitansy,Rosso
741,Davidson,Jefferson
742,Jocko,Robins
743,Jarrid,Ruselin
744,Pavia,Hagger
745,Erv,Kabos
746,Hillier,Pillifant
747,Sammie,Gepson
748,Kai,Koppens
749,Daisie,Larose
750,Maryann,Lamba
751,Carling,Gellert
752,Ker,Standbridge
753,Margalo,Woodyear
754,Jacklyn,Duthie
755,Ryun,Besemer
756,Liv,Ebbins
757,Claus,Marriner
758,Rhetta,Iannetti
759,Trev,Assaf
760,Myrlene,Jillitt
761,Care,Gaynes
762,Dillie,Bumphrey
763,Marshall,Tweddell
764,Vita,Spenclay
765,Wilfrid,Tuxsell
766,Joscelin,Fawdery
767,Faye,Andrejevic
768,Skye,Kestle
769,Reed,Yanele
770,Cchaddie,Flippini
771,Maegan,Danielli
772,Elroy,Galtone
773,Tobe,Di Giacomo
774,Aileen,Ruggs
775,Venus,Beahan
776,Quinton,Le Claire
777,Mar,Gorsse
778,Othelia,Borgnet
779,Mandy,Spon
780,Alfy,Basezzi
781,Ermin,Eldershaw
782,Susanetta,Buzzing
783,Lane,Divver
784,Roselin,Wanne
785,Rosalie,Vasnev
786,Clarabelle,Matei
787,Andreas,Dendon
788,Hally,Gilligan
789,Giusto,Dower
790,Karlotte,Karpeev
791,Lorianna,Tilzey
792,Chan,Murray
793,Brandi,Bowshire
794,Arman,Hallex
795,Ilaire,Klassmann
796,Paloma,Piser
797,Lind,Macklin
798,Aubree,Halfacree
799,Isadora,Coye
800,Alfons,Snoxill
801,Francklyn,Trevaskiss
802,Meryl,Dafydd
803,Munroe,Tropman
804,Sibylle,Prest
805,Eva,Daoust
806,Paolina,Whitter
807,Mara,Elcox
808,Caron,Gever
809,Erick,Lafoy
810,Morganica,Jerromes
811,Chancey,Rampage
812,Johnathan,Petch
813,Mair,Turmall
814,Mirelle,Glassopp
815,Ardella,Quinane
816,Geoffry,Siddaley
817,Zora,Griffe
818,Dieter,McGilmartin
819,Findley,Flagg
820,Hasheem,Hallum
821,Haley,Obert
822,Dorise,Cotesford
823,Johan,Zanetto
824,Vasily,Hollingdale
825,Kingsly,Sidwell
826,Moria,Elion
827,Jedidiah,Jeacock
828,Issi,Colquit
829,Isabel,Braisted
830,Dru,Redholls
831,Dalenna,Blunsden
832,Justine,Marcos
833,Tisha,Knox
834,Cissiee,Lehon
835,Les,Conlaund
836,Lesly,Eardley
837,Bel,Brixham
838,Clay,Syratt
839,Gabriela,Marczyk
840,Terrill,Chander
841,Gaston,Macewan
842,Garner,Hugnin
843,Lacy,Cheney
844,Amble,Trevillion
845,Avrit,Appleby
846,Tobie,Itter
847,Catrina,Wrist
848,Kamila,Zwicker
849,Cynde,Darker
850,Jack,Fozzard
851,Romeo,Crutcher
852,Eve,Donlon
853,Winny,Bletso
854,Zebulon,Pedlow
855,Neddie,Fass
856,Kendell,Bracknall
857,Sayer,Bodicum
858,Lindsey,Mengo
859,Sascha,Kohtler
860,Mose,Farryan
861,Karalee,Capner
862,Mariya,McQuode
863,Gannon,Murtagh
864,Leonard,Waterfall
865,Hyacinthe,Tenby
866,Bellina,MacCosto
867,Ashia,Sarvar
868,Abdel,Mathers
869,Quincy,Piddle
870,Tine,Spellard
871,Rosene,Minghi
872,Anitra,Atwel
873,Alexander,Diglin
874,Meredeth,Ace
875,Georas,Brosnan
876,Janaya,Chesser
877,Charline,Klink
878,Patience,Louca
879,Rubie,Menguy
880,Kamillah,MacCurley
881,Merry,Essam
882,Ariana,Ogers
883,Alecia,Andreoletti
884,Vic,Lockton
885,Meris,Smyth
886,Dorita,Causley
887,Sean,Andreas
888,Mordy,Domsalla
889,Rolando,Rebichon
890,Russ,Halgarth
891,Adelle,Swalwel
892,Euphemia,Canedo
893,Wren,Thornley
894,Veronique,Horsley
895,Kellen,Boothe
896,Whit,Cianni
897,Leigh,Malham
898,Tootsie,Learoyd
899,Sayers,Halden
900,Isaak,McNeilly
901,Ewen,Godridge
902,Kalindi,Clayson
903,Pearce,Dusey
904,Meara,Foynes
905,Tris,Camois
906,Chip,Torresi
907,Herve,Cuell
908,Krissie,Dotterill
909,Sarette,Kopisch
910,Emera,Gockeler
911,Jaclyn,Studdert
912,Rozele,MacMichael
913,Kimberly,Jacson
914,Clair,Tommei
915,Dickie,Beaty
916,Lawton,Scurrey
917,Felix,Thoresbie
918,Amelie,Pruckner
919,Alric,Linnett
920,Kellia,Karys
921,Annabela,Westoff
922,Ingrid,MacIlory
923,Leupold,Persent
924,Corey,Hoffman
925,Patton,Clogg
926,Tova,Allison
927,Thoma,Dunican
928,Fran,Picton
929,Milicent,Primarolo
930,Benito,Falconbridge
931,Adams,Donaher
932,Lauren,Southouse
933,Jeane,Skarin
934,Hersh,Maxwaile
935,Phineas,McGrae
936,Lion,Joannidi
937,Rahel,Hattiff
938,Riordan,Moyer
939,Terrence,Oboy
940,Hamilton,Welch
941,Tally,Crosthwaite
942,Row,Drohun
943,Bailie,Puvia
944,Koo,Dorro
945,Marion,Kohen
946,Cora,Decourt
947,Robenia,Gabitis
948,Nathan,Buckwell
949,Irvine,Stevens
950,Ruthe,Sugarman
951,Byram,Vanyakin
952,Britte,Fillgate
953,Aime,Syms
954,Claribel,Jeff
955,Catherin,Du Fray
956,Denis,Witz
957,Kettie,Broun
958,Ingamar,Beazleigh
959,Raymund,Elstub
960,Riva,Baxendale
961,Emmet,Druce
962,Oriana,Mersey
963,Rayner,Pirdy
964,Ignacio,Singh
965,Towney,Maddigan
966,Ruttger,Paish
967,Siouxie,Bartolacci
968,Fancy,Profit
969,Ly,Savile
970,Ernest,Rhelton
971,Corrina,Brundrett
972,Sonia,MacDonald
973,Glyn,Degli Abbati
974,Cole,McCrae
975,Blinnie,Josselsohn
976,Dunn,Benitez
977,Lorant,Snowding
978,Otha,Alpe
979,Wang,Dowry
980,Shae,Starling
981,Tessa,Kann
982,Pierce,Snap
983,Eileen,Aynsley
984,Katherina,Altofts
985,Bernice,McDaid
986,Dudley,Middler
987,Emilee,Mewett
988,Milton,Peealess
989,Chrystal,Dunnan
990,Sherwood,Cruttenden
991,Killy,Bunker
992,Lilyan,Sobieski
993,Kissie,Hamby
994,Aubrette,Stadding
995,Jeanie,Ilden
996,Ced,Westraw
997,Dani,McPartling
998,Alley,Rathjen
999,Henri,Youde
1000,Elnar,Chinge de Hals
